spec_power_1.5,spec_power_3.0,spec_power_6.0,spec_power_12.0,spec_power_24.0,spec_power_48.0,spec_power_96.0,spec_power_192.0,spec_power_384.0,doc,no3,tn,tp
0.031971358343406385,0.07481248092733882,0.15300353428975705,0.24658310621442553,0.1282097333457085,0.11452779655765623,0.3407027142766647,0.7276267125134648,0.9746136907546584,0.39685561027929644,0.24163961975662318,0.7126823388176933,0.5413807957937669
0.013598769867038518,0.026110846266705345,0.04742652341243231,0.057410025505117264,0.03614214464434708,0.058119067594039335,0.12822038541738945,0.35801549252272036,0.9343783620632548,0.04424296225414024,0.0013342782823732942,0.42947300630509466,0.2702162336866288
0.0003163452161353477,0.0004698769576286411,0.0015612361715052557,0.004219177057107881,0.005835558127043701,0.01211321218044908,0.03380166492034532,0.08588610547817517,0.7181860708656853,0.20209877410594182,0.0,0.6252516309309362,0.6645398423352216
0.44135211117439155,0.4665168554641125,0.4325764292771427,0.3999540994343719,0.2847121702411486,0.3893045337954548,0.7548564936890808,0.9286889920099577,0.9123856761573464,0.1341822295642052,0.0,0.40167746725900333,0.2857677335694692
0.001793732093269777,0.0052198853636119345,0.01595681881362558,0.03096142089196891,0.06755884214053239,0.18805438969981472,0.5760371876352057,0.7743109390388779,0.9848343601055072,0.13948268883195866,0.0021911094099838764,0.46084073553385574,0.0946376654809965
0.01093339731708623,0.019714644130816705,0.0304751014062211,0.027632056173277766,0.056408290719511436,0.11954789812354566,0.14605440652569432,0.33974499733077446,0.9093676850035577,0.2920456496756517,0.11753240866945562,0.6248225288588225,0.37543788018319735
0.0418401734604289,0.05662727986403784,0.06802863497109553,0.0822267345668069,0.08314716825638582,0.06558155724745877,0.19659763931396995,0.6449082033945462,0.9822025109782857,0.17162346724620603,0.0,0.49312360256901805,0.43279522143305266
0.11824751225110927,0.2321310545139831,0.3046733239803193,0.2836388312395945,0.2753494925450006,0.23558413158506894,0.4097113608779389,0.6280396743012493,0.8830466307997085,0.38039551686418516,0.01818225756542214,0.5028664296453925,0.4298751934386001
0.004341823106018952,0.01026053849834739,0.029060166685345775,0.06983632842947496,0.13482004216415452,0.18003515456596023,0.1979320270726417,0.4262053903115646,0.9438596223359171,0.372425425239108,0.027643654663352148,0.5500227099496658,0.3748608770718237
0.0013536987412424307,0.0029518379077662113,0.006845675502936225,0.01991179996848687,0.061014693503443816,0.08013788309831973,0.055370077955435026,0.36956903714921535,0.9377130482259473,0.7633323959632549,0.007522380164626752,0.663030494797826,0.44479948534933755
0.30646734939415693,0.2947345044446151,0.3002596063999239,0.3052090896825356,0.24929242003450292,0.11170779119537529,0.13756769077410108,0.07356908669303436,0.3828825660144371,0.2866943418232665,0.02006274219972052,0.5535751825467543,0.5925790087209958
0.004557550774172761,0.010876687981961654,0.020078530343199945,0.0250024874817305,0.03301837559626736,0.058091583812372824,0.06929652340293442,0.21700070808196853,0.858996570763851,0.41402860795248514,0.1283703627400151,0.641592398370612,0.5049138672660974
0.0011977160072959006,0.002322105905749034,0.00495224203642214,0.01060172654963609,0.02553136924767264,0.037874602318496715,0.07399207064915299,0.35706221902550833,0.9084420814128595,0.24709189821353308,0.5256653115086968,0.8101632252959744,0.3963729144081432
0.018456449043932743,0.04698252417230029,0.11571079365759455,0.14799841860618237,0.18474839366936413,0.3256711556911554,0.18373562564765222,0.5297232102619767,0.9646785443489209,0.4282574173934734,0.0040100207463452334,0.6006258486067382,0.3954409292720822
0.002040274643678274,0.0034597794822939214,0.007517460663677856,0.03000307263206824,0.07921682524402439,0.07666981267418528,0.22335233461005516,0.5057328216467086,0.9413251120419589,0.3008583172395496,0.0014389853712347698,0.5310631464600161,0.4465815236987023
0.0016859236788660083,0.0031750204422542625,0.006672801694325786,0.028011883962994238,0.09611985207796729,0.12449838764840489,0.193787790564429,0.4088758020238286,0.9260949025373493,0.535774210603516,0.155701840313688,0.6539177984773914,0.5864877338366649
0.17528344786682823,0.27824275986333125,0.31462995850008946,0.3848369623226503,0.43079258249970526,0.43886069688033014,0.45974988059684324,0.35784748273067346,0.8363272500104605,0.3583437935040302,0.03664190865901216,0.6514517501847337,0.6399915057575539
0.22374014494949238,0.3659253447867396,0.39329502518982223,0.3205171896510776,0.3273076138841649,0.20424741207245078,0.28785841261324047,0.5678021393941884,0.7829319790449866,0.3141766315462418,0.016427631792886574,0.5203936125379901,0.325301257105379
0.020467836103281276,0.0365504390778864,0.05239841352955893,0.06344692938306097,0.08470097243816234,0.13780938050324307,0.38023869984554054,0.3741157440293641,0.8482823116871557,0.02233250714323953,0.004151542552892534,0.7099394334165101,0.4416073729566637
0.033811189785370045,0.04933202832243595,0.07473060545270403,0.09156605622819013,0.09188883495880155,0.1808985934348205,0.15846751312272567,0.20122498355184334,0.8334509219507158,0.25283828039751793,0.016184255068292474,0.46872831630139344,0.28192797143825366
0.0005272045067992763,0.00106730277559288,0.002703040727543598,0.0063371598489362045,0.01586954627535748,0.03898256371171208,0.08405759155475481,0.2108250892308386,0.8157235049857015,0.11748075781284634,0.0010863864931949306,0.3860111453183743,0.6129352102511374
0.04502751517011194,0.05758324634414299,0.056976637629457934,0.06182229046111001,0.07051418784206186,0.07894909234133925,0.07966151696988547,0.15862077893186277,0.7644778035229566,0.15466805988082388,0.050130432105097426,0.5233398510409313,0.30192668047535565
0.2790063091665454,0.3076828051158066,0.2854610758188505,0.20161786382818744,0.16444280458983224,0.17014285954691374,0.35800308742128484,0.5160400948957452,0.8752546760539652,0.11863393269452527,0.07420889944335966,0.5683592448086209,0.1564878035706551
1.01002992731297e-05,3.7684237680718416e-05,0.00037434588904001115,0.0010991737174783698,0.004367786148271949,0.01969620714510522,0.10134632092839871,0.2670832005369096,0.82637909783386,0.072831756245549,0.017413234586113536,0.44423421827304954,0.5744723223564578
0.0673689491346099,0.09583243359394543,0.13305840160216878,0.14696286522530008,0.1836331843541446,0.22102578943903553,0.24146875180503571,0.5917249287739363,0.9580608340489115,0.20987443341638073,0.04273990751009147,0.5442958718825289,0.3032440005550655
0.10584001936698198,0.1434244103956207,0.1439143074673194,0.13956640500975484,0.11110877662844852,0.1288522614948682,0.17258021381252917,0.2738448806312072,0.8693251867019792,0.16236326530794165,0.02302109670610997,0.43877018755215813,0.16318421780805437
0.0034436525083087234,0.007120186895154833,0.02086826949811509,0.057961625951485414,0.09850165950703976,0.14578700901137673,0.35280809367276406,0.6063156034671117,0.9759921250694804,0.41917237514992906,8.985239065379542e-05,0.6090320565339944,0.4613736786522897
0.001865191461980448,0.005794246980907734,0.014701027911664702,0.02835424430837184,0.09231771834483112,0.235449939156902,0.52658961346314,0.8517507675411446,0.9555409141487545,0.2371729833453231,0.0,0.5131304492126713,0.3765719442898858
0.01986651143653454,0.02543341378087082,0.03052636676819739,0.037730152048195326,0.058716841235754026,0.13783238863721134,0.15221493645491624,0.4199533607376561,0.9457132472306059,0.46764437200241893,0.0,0.6196255217431413,0.5097815821013568
0.006170293172784165,0.013986296995519993,0.0245552602419369,0.041259598345141174,0.07968751219465865,0.17728498017167021,0.5560420499746055,0.8267709310791069,0.9746225341817427,0.34077759953002734,0.0009252563187917796,0.5533425501458048,0.5761070346572025
0.4389132549750326,0.3995359518811956,0.4487788990787819,0.4578115433802029,0.3024513305555258,0.33319475418454503,0.34589523616981144,0.4436114358310894,0.7159898297552606,0.25720757216746776,0.18981746375396144,0.6721667163339142,0.46052072890105894
0.051970990622936634,0.04828997141776018,0.044127837304047096,0.03000771824597628,0.025529244316687346,0.018922349399807324,0.02580803991386287,0.29119603027014795,0.8610746173930713,0.2962361736393822,0.050252913831130695,0.6600671114317931,0.5461755162248423
0.0029968160617652225,0.007546899164462713,0.014554395423441235,0.025233356206615012,0.07974537166445712,0.2489678323805447,0.5815933219179839,0.7768905817974898,0.983963705195477,0.22177799382827212,0.0,0.5131304492126713,0.44069170835245675
0.04682366713561202,0.11262772558881026,0.250316885431189,0.37071178052429266,0.5842500520482578,0.2882679703303954,0.5143394223138713,0.8614324432406313,0.9322762822047314,0.2274998161263729,0.0002745927815560264,0.48519929768240855,0.7018436178506262
0.006069696324274419,0.00809521089686041,0.014173896349771528,0.02536460513386632,0.034907419714222274,0.048397220098769164,0.11262735614561382,0.5066792151668535,0.9677909637752719,0.194861204202841,0.3996252334954912,0.7687022790041156,0.4159657187662314
0.2745104363844152,0.42595222420912077,0.5358314447577637,0.6389644298402617,0.6465376889146559,0.6940066344151874,0.9062233387021379,0.9444705239694685,0.9175482163007552,0.20130609532216429,0.0,0.418135806445644,0.3106501174368079
0.051970990622936634,0.04828997141776018,0.044127837304047096,0.03000771824597628,0.025529244316687346,0.018922349399807324,0.02580803991386287,0.29119603027014795,0.8610746173930713,0.2371729833453231,0.26893126590637034,0.7111732536934638,0.5344829669466287
0.08325942367406161,0.10463110031772409,0.11263294794496417,0.16932637188628955,0.29005618334534256,0.33933164447828257,0.35024646742298793,0.47097281438319205,0.9104412079561298,0.30638059518972016,0.003105980913437553,0.5528755222308127,0.7054630522106984
0.00037074009614581266,0.000804542448981873,0.0017224504950464736,0.0026808008172946635,0.008253628117863324,0.013391524265615304,0.011566898273402937,0.20813526504803428,0.8468230134191492,0.10192054145153813,0.01728123908659178,0.4832317483361216,0.42633962776049655
0.002073193611633024,0.0031292333615515885,0.004586555298601834,0.009235052272026725,0.02386062652157986,0.049952164300108445,0.11785874174508329,0.36762912857006785,0.9202092240303307,0.12543056501056757,0.024252905357179496,0.5075693751595662,0.19644982997969992
0.03098268064377744,0.05161716145705567,0.06836148550305728,0.07097828630422555,0.05535628913216074,0.07948476917536342,0.15583203787023212,0.4555166831118479,0.9462050287781042,0.16330677133512528,0.09988815812707463,0.602149755209602,0.31972418735824326
0.0015751920793963018,0.004156644308828171,0.010159050884016644,0.01891690725108507,0.02114155117770255,0.019975241646041926,0.09021595020551955,0.47142384381091934,0.9608001688548748,0.4527131280827844,0.18166543667374502,0.6858579746780322,0.4708312571559375
0.0008254288699474085,0.001700382457761312,0.0032037848848971515,0.0059874235960974695,0.008740867166152685,0.021248588313544575,0.042625300702603675,0.10399445698312805,0.727906401409075,0.13948268883195866,0.0017783513386815347,0.44423421827304954,0.5226289988201508
0.004557550774172761,0.010876687981961654,0.020078530343199945,0.0250024874817305,0.03301837559626736,0.058091583812372824,0.06929652340293442,0.21700070808196853,0.858996570763851,0.40938937966398947,0.11582744212790651,0.6325544396460303,0.495692652596009
0.25232709129059905,0.29680856619985024,0.27055386343311344,0.22058568748884372,0.28901835782634205,0.37863822411820697,0.7034198283237177,0.9183970542814283,0.8541737309551058,0.11162375901636551,0.10166737301539816,0.5883976754274802,0.12932043296763984
0.04223638649161313,0.05780360294066789,0.09016309659872405,0.1168082853144833,0.0991541497968476,0.048755697148940985,0.06106338106428133,0.38167930235315767,0.9276735875959813,0.16704139981643265,0.097250511036507,0.5936654734993454,0.2820888351389692
0.00838671571125513,0.019161923500956392,0.04808019789133871,0.1187681818919169,0.33302577888504886,0.6148508922728894,0.9574456421649166,0.9976289173337384,0.8739964680255576,0.21959390941270457,0.0,0.43465967391938326,0.16318421780805437
0.008906770083000616,0.02595951577280578,0.05389399885967955,0.08014305561517023,0.20042016670854923,0.24886396396544805,0.29282040639340506,0.5486007181539967,0.9717991747176173,0.3904845719182775,0.03718674571151247,0.5763227610326735,0.4640421207388754
0.0066204108984048845,0.01694752922195082,0.038263710882665655,0.06613839988408864,0.04134296404433916,0.04974829904811439,0.21561219073869595,0.5926998669601354,0.976816792514867,0.3821678760071968,0.2772384675085527,0.722607932036878,0.5755291846443812
0.08286130291146904,0.1126745068012988,0.12509211544420396,0.20241074222030608,0.2608008185285655,0.18849620902554992,0.1774564416877355,0.5532161359835586,0.9363744417518796,0.39948466977035046,0.39988394748929385,0.7769239924458345,0.5841890018492449
0.12071474151035111,0.13975558360305312,0.14071639400138733,0.20810993109737994,0.33597041214692963,0.21716540664124664,0.19956919323903438,0.6392397000956176,0.9501599636932261,0.055206373535556824,0.0008433736804844458,0.0,0.39068190883583376
0.0022204878434711767,0.00474181837386842,0.007101464849195843,0.00931376298783113,0.02214299593767545,0.024141419301059727,0.020628611109075604,0.19440433220520908,0.8294374333910544,0.1331068595649274,3.337741567971095e-05,0.4908625771996466,0.43219794171149656
0.018677619801821768,0.03162018927657983,0.055564794469727515,0.09456964350462313,0.07200660639827353,0.1456527554614435,0.4621944987265523,0.6555871135603757,0.9657338834737785,0.5352414474941437,0.10295849324997838,0.635666281734831,0.5894392459237844
0.04331893192029648,0.09400080542602376,0.1344489058251922,0.10537986838676966,0.11088959039537061,0.1824665301774545,0.19876517626315546,0.5831733732058209,0.9471792775305385,0.41280088082239164,0.17096845376724554,0.6617411757303358,0.48270740020005526
0.04481227487003454,0.06461919434838576,0.06552684946874983,0.055978952523024955,0.07385711941544172,0.11941368310175574,0.17633882744385057,0.13587972696996103,0.6396378351730996,0.13094044601398785,0.050130432105097426,0.5271276022845668,0.3583784415004206
0.12392343273712723,0.16701876520207976,0.15019716556758464,0.23085437015244387,0.33343264327823663,0.1548129789396259,0.3303556379059834,0.4787006389865111,0.835611462332697,0.3575567068220755,0.3146729189495661,0.740789991401383,0.6726687433587584
0.003137407027586279,0.008109064715142904,0.015879383490642628,0.03345826769042188,0.09649686819321412,0.280499847834658,0.6828222458338207,0.9229056919353227,0.9181144733407681,0.16796537150092603,0.0001437487363574685,0.40636056061968573,0.4337112145325178
0.1428195718723064,0.3588072360005801,0.547427965139101,0.5094570498423026,0.40923063630209083,0.38165389117768245,0.24888167887001647,0.540664705280005,0.861515552832202,0.2303066310340334,0.0037292735598782436,0.6369011509311264,0.6295196133158468
0.07675528181456252,0.10642166197639412,0.12921827202638983,0.14845426744095452,0.13326596696682808,0.10823917459967666,0.2599851328495654,0.6494958131630743,0.9074769999177495,0.2755906161556182,0.16980346418796027,0.6800676704639522,0.5055337150802246
0.05267691036231749,0.08216837100533196,0.12936259398380856,0.17263600337955984,0.24928703768825972,0.2003317307115523,0.18383871259668325,0.2880050489379277,0.8736356548011399,0.21664813933108354,0.052022364406103194,0.5574429360385107,0.46756524501142926
0.12474480770426062,0.15569704304084203,0.231253144096581,0.2699471994181331,0.19438163773498182,0.12253297610043694,0.19078894227336726,0.35428235496177307,0.8525784476715225,0.376083520984388,0.058852096774692025,0.6147205893675927,0.6072854562798102
0.00540360838894881,0.010451204086876654,0.03090281339488673,0.11109389848299299,0.19763862423639503,0.1874871156305994,0.5538152631311969,0.9212247721717258,0.9259225617238086,0.8597412971389037,0.003392478027683455,0.6960055880053306,0.5901036225118792
0.01570850993033184,0.033645663359849434,0.06825961184981023,0.17277335861482204,0.28768954542935526,0.3327102373592165,0.49815486506092876,0.792655167782988,0.9782826541239182,0.25596790874028214,0.37367347465369677,0.7582153646219808,0.5455656792007684
0.0036600988473607537,0.007076824310921562,0.01779327001931588,0.03825069748334064,0.06784759250843841,0.17215749155402724,0.5506525387712744,0.8488082886588777,0.9529184074192932,0.12984930035328213,0.0,0.3722296270055406,0.12932043296763984
0.0100815676394312,0.03695108073145828,0.08677078599040117,0.06643135067231642,0.13015639794594203,0.2732676697209844,0.35110482061311793,0.7327036308862798,0.9695752853717753,0.4453878658282296,0.064278398677093,0.6115484384923824,0.5363824511659772
0.006653519875070649,0.012195018402846527,0.017957962689057454,0.019511446424591836,0.026044730783143424,0.043034309242562484,0.07962276343767423,0.19965616443750692,0.8337498157083293,0.3221719237860584,0.08836416920234874,0.6028342241423038,0.3638977619150919
0.0024334333125824517,0.005081693325402597,0.011905620309365754,0.036276556071979084,0.09989371721411476,0.23473953242887038,0.5309119854496215,0.6893273784148574,0.961915721476731,,,,
0.04490360381258367,0.05229616102994572,0.10891997799188632,0.13948658692577331,0.08662994633138922,0.14452733914206373,0.556925054319934,0.9085549394852502,0.8436678647569702,0.15171253530889625,0.021330058439260238,0.4837275743530474,0.3559894616575179
0.018492422500995646,0.043032562731965054,0.08178947681274461,0.11037735378621684,0.16186078483074232,0.2722809079771941,0.2541213172970987,0.3932822805244316,0.918534080806259,0.429688716996101,0.014816096361256189,0.5307662880008701,0.30518085489747226
0.006736758471159221,0.012910653140304587,0.02342558812400539,0.04201389346749689,0.0393461861541034,0.080642015226391,0.35971792027802213,0.724863286832405,0.9833966262960918,0.4308271829502666,0.24836768052761157,0.7051940199620776,0.5283547268032225
0.3784195366928525,0.3869221277979238,0.3375608783259819,0.30722352661811836,0.2545393037178515,0.14477292276899317,0.12987650505873366,0.12385631075408504,0.6009524093826327,0.0656562555620345,0.0053362502814051594,0.3387744201803129,0.12932043296763984
0.36134520882508836,0.3889580419594007,0.39656473172054424,0.37495275471497,0.06348516090596339,0.2081425469539579,0.6264945962932329,0.8138902769124379,0.729359507697454,0.31984995857808834,0.25740079049920295,0.709553152058571,0.7878641448835864
0.13492697839449522,0.16134409810744774,0.15530348175970551,0.15605789078209942,0.11727026065004201,0.0461201674211786,0.08954582007581166,0.34760659917999986,0.8024872585032092,0.22820483675387226,0.01021863873078773,0.49312360256901805,0.3106501174368079
0.03320189677573884,0.06532543102993849,0.0902412782414508,0.12192445697274659,0.18247543813758488,0.21279940230895553,0.19951002763269532,0.5279202213859826,0.9651602280296866,0.46932301710427854,0.06728721606126069,0.659699139077513,0.5625627218172429
0.004061644133224539,0.007681858588898035,0.015261226494658829,0.05021856177387146,0.12204498455385196,0.08748928354039259,0.16883023934595706,0.5683090323143216,0.9752469994206927,0.34331329548709416,0.24879286261680567,0.7267346820980842,0.6640456616571007
0.01319933426105194,0.024317363804216785,0.0374307130792288,0.04644889572985455,0.07553369200033964,0.07787786108424946,0.0903068009875253,0.16996961122225102,0.8128564929795196,0.2709896522662515,0.02996636884961938,0.5492955397756429,0.40976964401210425
0.0043599870140853545,0.004406762950721412,0.005547508781820922,0.01598637016238669,0.03027143140022561,0.02863297770214424,0.09233086676062872,0.4094724867109278,0.9045876458220562,0.17788428636913609,0.0007000162005158616,0.4657737093522377,0.49921173688614306
0.16784480114607123,0.1957438276826423,0.15891030933608327,0.15459788242536027,0.15962907292284728,0.10805981351448557,0.09156749118315506,0.1406491583838856,0.7616800539291794,0.35557675733664335,0.27546264728134157,0.7064478877237675,0.4281894731973296
0.01115583433459949,0.020471584931211824,0.041138960538807647,0.13210904742560092,0.30614424912575994,0.5374426223843364,0.8867025619243663,0.9849996484546313,0.9131698230356399,0.1585488332268516,0.015009918631058916,0.41610338769606015,0.12932043296763984
0.016070588563913014,0.02648318937117454,0.03321353575700997,0.03080377009993727,0.055354603615498515,0.10604851235495068,0.12838840847172536,0.2558234790399778,0.8552666974443388,0.3230939864327073,0.2218640097336102,0.6940937078437966,0.5717719310005828
0.1890365868559968,0.13712602521633022,0.17997669109951545,0.41287282217731625,0.6089284291781362,0.5332577393519686,0.4989435095014683,0.6170421685391709,0.9267744484159902,0.24966413237978172,0.006553064042356596,0.4770647081961844,0.2812013518923923
0.005537037794189372,0.008898150144781116,0.01840154330075345,0.047072928151556205,0.08960518753911129,0.08452779544297938,0.21038908672782186,0.6177496560139873,0.9788992254956279,0.23445174421741674,0.1059789530928133,0.6359527187132901,0.49190278311055036
0.0726339222309242,0.11681993706946375,0.14266015300162718,0.1704642564518968,0.1620762355036868,0.06377135353828817,0.12375440179975171,0.4918548016022447,0.9243548748505948,0.18397422342156333,0.49465270295866215,0.8140643507492424,0.4910024048211877
0.0035122971625445895,0.007491459313090829,0.015381311096811758,0.03641470995533176,0.08382381947703471,0.1148181241720322,0.40971948961868115,0.7791403203522378,0.9888171365587893,0.22394090746402034,0.11862505245923664,0.626421496604786,0.44261548853919963
0.01444428560345595,0.03518263265641702,0.07671312435306439,0.12824605923687316,0.2864207961157653,0.4319569400076169,0.6597385919515949,0.769905510101778,0.9871665534754059,0.16888553298208492,0.012625454238863543,0.44270573172760747,0.41158275434152924
0.010671929705630677,0.01464740596523399,0.02685366364919192,0.04674945967866577,0.04651903404291195,0.05453947975938095,0.1778627525715096,0.568376825985068,0.9722832973250005,0.10803431685054798,0.00012321812908404412,0.42397804354490914,0.371987597792457
0.03516295007520177,0.043455009203922416,0.04515377913144867,0.04047621818228586,0.045632077415992185,0.0496443665652968,0.036545161808554875,0.04605379561306571,0.6270186890459065,0.14669796825574682,0.20275234551926327,0.6633145851306659,0.554370719306488
0.009520332973328183,0.017657678451718214,0.033650997971496226,0.05414595787994684,0.045745339099528236,0.049654691365924215,0.18268200929215944,0.5272302422704794,0.9602099468740869,0.41976980212789095,0.0002489423410111575,0.5094604703215827,0.20977902329037676
0.08676553742964911,0.13442375240850427,0.2220996727747756,0.25612575143514643,0.30379976078891474,0.2531974980924015,0.3213352770421402,0.6881452046886612,0.9501494011243116,0.8038767653276817,0.0015206783194006992,0.6173222562052066,0.3773497964070132
0.13300922211241487,0.16640877923614888,0.14919060351748736,0.11605520653600003,0.17486682875892717,0.1609448322928485,0.2890337877344671,0.2427204357663145,0.6592337300509701,0.2727261500803527,0.06562221506433874,0.6037840480679656,0.4717133313592594
0.0016429424413455561,0.003260439627137118,0.005458940095835914,0.012131911484771472,0.030648603183336773,0.02311094890599589,0.02896646393673921,0.3379162038764738,0.9184696328887689,0.47264289109677304,0.06660270141524276,0.624714941492867,0.37741561781955274
0.013249997941637753,0.02563428732448604,0.050891103695188164,0.08330667159490511,0.10147430694665653,0.08804820740520097,0.16102442876049075,0.36058261143111225,0.8890317994024808,0.4305431105465605,0.30365965657015226,0.7436001516961256,0.5749407373434148
0.06877649221468599,0.11391316114540767,0.12490558485621986,0.13311844351880817,0.08597284991901116,0.08412530877818418,0.17382729745396192,0.41940425305281503,0.8839768442526881,0.21886110467207148,0.03507211117518516,0.5271276022845668,0.43950719756432816
0.005270207754007969,0.013996134161497288,0.028500284834449347,0.04435546750407278,0.09256353717399614,0.2164365885107468,0.5881760261135301,0.7986580252377162,0.9881068631202827,0.07563857115320949,0.0,0.25638496837293756,0.16318421780805437
0.16725316294301235,0.25834743011447614,0.3460862490622819,0.45591672573372083,0.513800779322565,0.3064348938732335,0.6275358966464344,0.8695917558849752,0.9392789572469853,0.23307857777333255,0.00041818791412274515,0.5651355168482599,0.37615722764583104
0.0017521559473278826,0.00420697618113182,0.007230286217033532,0.021093213765171787,0.0783004034726591,0.13979969650233973,0.3887439701368544,0.8174021261054094,0.9629336789790703,0.3262915271270299,0.0005309563518096397,0.5068019738208419,0.4794974451509506
0.13354374203297925,0.1963121123595131,0.2700981966102255,0.23727255146049903,0.25312712126712067,0.3082600077789413,0.4101554305251876,0.6273599109286474,0.9179727282045037,0.26330464118059227,0.05764054782405682,0.564311713354321,0.4122542935175764
0.02197605450391383,0.04056136998618125,0.045763857958738524,0.05777920425734362,0.0706994739461734,0.06195974332008721,0.08542033248634638,0.29582126457929137,0.8729683780241639,0.24383433900188783,0.3691037889283487,0.7674230109451067,0.7118514844384567
0.014415018941815246,0.02844000864150059,0.0610822691845682,0.08863830221898324,0.09213920845041784,0.12283811836130391,0.31959172404905356,0.6648535022517749,0.9764673471815716,0.26034470602956966,,0.642396113691312,0.6218992821252232
0.07981637573918811,0.1796849559223557,0.24463812823872647,0.2698255128447914,0.24840472882969405,0.13545942600180677,0.06760602068047675,0.2778866362165587,0.813929281279215,0.2144130070235084,0.473510495435282,0.794300977626634,0.6057062899269826
0.00021224539939118122,0.0004323764985179806,0.0011751525446986706,0.00324075978282514,0.01006199357475584,0.024297901132933394,0.0650180292484788,0.1797892038228878,0.7794192496071266,0.17252869705960144,0.036817717132263686,0.5217146540136665,0.35556367557745483
0.023446168353792856,0.043153092317064934,0.06381989780446372,0.07982667917221006,0.1139391818034837,0.19317634804920833,0.15452145967123895,0.5635978413580851,0.974416773353543,0.48699980419193206,0.1327190832190919,0.6788767804616999,0.6212116168393987
0.009340460282560071,0.017717972516617643,0.052048854745710124,0.16161422179689086,0.3188740371015828,0.4461675971198673,0.8191262383448283,0.9350627313268777,0.9873350924174857,0.35557675733664335,0.01021863873078773,0.5757761308855756,0.5467030071874371
0.014755567523607651,0.03291495295042162,0.06565522449868212,0.13094212151102236,0.32698572068032,0.5097068359077701,0.8447371237232328,0.9591865365615289,0.9086260903367828,0.22608305680837862,0.0017681513827853845,0.4449890904700153,0.4474179426201812
0.0024518159525307665,0.0035043013035125957,0.00463746591543279,0.006979866212737948,0.009424426610875843,0.008380323039976758,0.02280130997793952,0.09192009241893544,0.7376385837833547,0.0969059743983887,0.004983929873661425,0.40861607074552786,0.30192668047535565
0.006061339209018209,0.008093211620181723,0.013628419020005559,0.02107567236174551,0.04352375418330042,0.1580270386156747,0.3349228148273048,0.496397123318558,0.9465221359075588,0.2946739349852298,0.012625454238863543,0.5008340108958086,0.3638544302779166
0.02670552280213085,0.04170448890403838,0.03236819673372828,0.03794963494661443,0.05220488992301717,0.0611371833182819,0.123400670921145,0.44185570228582766,0.918629632105445,0.20524162666674253,0.028122768977924484,0.529569231406111,0.3077560988957553
0.008651317650277315,0.02005856037999298,0.039873497500639725,0.05544257099096297,0.07975567432763023,0.10264184270344212,0.1595114960951941,0.15815069508728494,0.7884772694080946,0.23100285263777423,0.06314646136735913,0.5605109867134788,0.39879343567844155
0.418409112590904,0.5793629246421,0.6007549108449544,0.5892884455072834,0.5156749095154555,0.3341189255779524,0.30589548054221194,0.29160470209660627,0.7908384987929397,0.5859206745004275,0.06804871801650636,0.7344408042847268,0.838874138689964
0.004137639127803004,0.008085219890889924,0.011609723660209681,0.029918433574605878,0.09621286259635418,0.21653634885201462,0.5088411295146105,0.688180955015784,0.9750431556937929,0.15564459904544373,0.007440080558641806,0.45359728575774716,0.3526352277934244
0.4018015470315823,0.47595105681180405,0.4768226825679239,0.44537219220853436,0.3956456520692102,0.33657044330878794,0.4356184375629157,0.30330591576327304,0.615699468071011,0.2113975713643706,0.08595409560146211,0.5786548483511058,0.08159210890402718
0.011445486588274567,0.011802626123014727,0.011341745685472802,0.01618971212767267,0.025492150708168286,0.0489730440025803,0.04678026605049043,0.21706345902712265,0.8561740457838563,0.25596790874028214,0.07173729115575993,0.5851527343917579,0.43688248240503047
0.011276242705679711,0.02687978265213161,0.05700931699121067,0.11393228107007729,0.19635007616649644,0.26707388568396734,0.41054065359733544,0.21712715552327105,0.6827026346206777,0.5779892182910774,0.0,0.6669986352991544,0.47600553267176693
0.0045035492567275055,0.009793774464546788,0.01670076316182066,0.020401103183771186,0.025608615814451407,0.010929446730979701,0.02015614892752209,0.26211430359244303,0.8801465973266924,0.2977875507550592,0.21262172366098445,0.6875102758854036,0.34337479471179433
0.007348582857177113,0.01889357559273242,0.034788834941049424,0.045571428798560576,0.09163763099993938,0.22764640428007693,0.6053227777373144,0.7903340221805604,0.9873652378609993,0.18397422342156333,0.01021863873078773,0.40972352506722753,0.30192668047535565
0.0023794977824061784,0.004996940785045331,0.0096150957553868,0.02328881012976658,0.08230318167651943,0.14733469664885646,0.14425154387832392,0.3875650054379486,0.9357010771566473,0.3941952050784228,0.09378661484648143,0.6372778167497185,0.3569579147515634
0.04129350427319657,0.08524072471914267,0.1470157163456061,0.1469131328520394,0.09246356769181382,0.13952575979541884,0.1629555543334436,0.3895295439307075,0.908985304857018,0.3132168931076754,0.1905483269959427,0.7046060369108813,0.6064112127485747
0.11841804532626216,0.31099871582139715,0.541878736266264,0.7232936705281592,0.6743197728104952,0.2617450595568637,0.46031764502272515,0.7537539743149565,0.9360948875075611,0.4832158129339136,0.007090637075504202,0.5970660814770662,0.5348027274072042
0.008622463691709138,0.01340435016376315,0.020960592441232617,0.02407595032480866,0.04085559165753476,0.0317754868755634,0.05350167874152342,0.34684052033730634,0.9190399426229702,0.3713161992119075,0.1006977900544571,0.6897749930935063,0.7224873854577963
0.0017016215027374055,0.0037517050768967235,0.008236601319340219,0.021201050343450673,0.07579550372156214,0.21770795015294642,0.4971491794995227,0.6766764645753135,0.9737924139576332,0.1497202109752709,0.00014118250022125556,0.41610338769606015,0.4502915154007853
0.003574352811160826,0.0035625103630426455,0.0048698762138657415,0.009070712798133714,0.01199722866082989,0.01128018743830255,0.0010233823164037942,0.12808818605485683,0.7887508337354828,0.08519337578075722,0.007440080558641806,0.47864545319490054,0.46735310952232545
0.025668173716292878,0.032898136247122026,0.03130735550865665,0.039945341864124885,0.05372648996501848,0.06746731229513292,0.08354863026247625,0.2903223498676297,0.8876177015182969,0.18311434242307326,0.27452824447994856,0.7055989060263267,0.544821974410066
0.006248604050498168,0.011423013222749332,0.016132174540463607,0.020895978522002926,0.0301063015366232,0.04730966455274696,0.1194981434143452,0.433354569626021,0.9458594220792921,0.2806557758499489,0.0,0.5012440839873824,0.3156809005548009
0.27374634575450824,0.2637191256452239,0.24693463405567748,0.20309247105672448,0.15325228441669286,0.14415628666352823,0.24285049386801089,0.09892360296574756,0.3834942198446148,0.36146466735582783,0.04262901270734505,0.6768776499268128,0.5372809774877757
0.03071795371400197,0.04189495166408733,0.05141327231038059,0.043895101678235696,0.05557177406600767,0.06032864107246592,0.130234358142634,0.18965425004163491,0.8130768887936415,0.2692395347223586,0.15795739231890218,0.6467382883987534,0.41992146882929327
0.029984527819377174,0.052629467206419256,0.12606717577330728,0.25760476303861957,0.4529194452738768,0.5042798172611975,0.8613177498022683,0.9826611741727501,0.6863489622806621,0.21291038287401373,0.033643608030630386,0.5289648414727981,0.4949450098493726
0.021245500150128504,0.08859109795418556,0.11551664998911508,0.16419619968887206,0.20326392275159108,0.21583052927803967,0.39090546896171574,0.7641955612911882,0.971036949984781,0.19810691732614574,0.5734959563209392,0.838228236340403,0.6666014104554155
0.006750364518511258,0.014294395180971661,0.03868005698311544,0.09403983706658192,0.22220540049747195,0.47556221595965714,0.9444902203459354,1.0,0.9694281510660742,0.1331068595649274,0.0013725907072386738,0.49705914674446744,0.506962170400594
0.01751149851354026,0.0320848946592069,0.05731789239277189,0.06050447300047821,0.05462910141779793,0.08370808369387765,0.23060486943192535,0.6024978117624259,0.9779455829244349,0.2951958974290218,0.021792785153191167,0.5422177769993378,0.38101356443361084
0.003461219703763549,0.003716128604019324,0.0033646024790641785,0.003140233651828661,0.004121614070375674,0.00813105770678839,0.005911103782831318,0.09002494122558373,0.751161887180144,0.3351826970574991,0.031108520754908036,0.5766853941664587,0.4194763296751475
0.05858522595414412,0.08061586535138204,0.1259028132425491,0.20712050849168098,0.18674766178575997,0.12097298359247423,0.4276759289862347,0.8175456355926419,0.9792300564795262,0.23307857777333255,0.05101605125265066,0.5718564766200557,0.5143387653123761
0.02427022041868483,0.0480100896458869,0.10933691472218168,0.27294223746714746,0.5000038386607019,0.44044410613209883,0.5650110212596172,0.6890382003960407,0.8817205641317541,0.39519657778205525,0.15516781755377318,0.6610170425810966,0.5471492415537578
0.033882970741362865,0.044546266180121384,0.04523660172337146,0.05074602685491084,0.05025223032207363,0.07676226230053924,0.18494974642727127,0.3626579420251659,0.907908760717811,0.250302584440451,0.349909722739481,0.7490327071340248,0.568310645815386
0.10050091705017894,0.1412710929672891,0.17492483889417615,0.19124500288271648,0.18560774183979262,0.22548747181092013,0.2183503666408721,0.4023442926164738,0.8671453017804143,0.19322047002394813,0.05024235736259809,0.5109459854907907,0.41386130346263905
0.23171527609156203,0.5182818592850733,0.8001064852098273,0.9402702411709992,0.46285659113372785,0.7161774550080892,0.9866186014212475,0.9888112003602082,0.8286392873605017,0.4603036165053527,0.028580317079120225,0.62231578655273,0.513707537332755
0.003964384327154121,0.00866425431874559,0.0246512081360822,0.06088458067404674,0.12824838377611497,0.3106528919991213,0.7726990114945905,0.856101447918014,0.9776693724625206,0.1436342289178893,0.0124811906010129,0.486647964343216,0.23731736912048035
0.0021084347353660174,0.005129320638592252,0.012558099792869802,0.035010418192111877,0.10086394013437748,0.25102450747499805,0.6969042569573435,0.9291095790628354,0.999206765569903,0.31560854347375655,0.0,0.5028664296453925,0.27104311888939725
0.08330114172676867,0.10821991107331141,0.12234874448781811,0.2074094464038555,0.34381217191521996,0.18043874851929206,0.17924964721687706,0.654282387396959,0.9666994318315401,0.04584253070226898,0.0026184551330488827,0.0,0.36303239443409746
0.021284875039887116,0.02637143026173259,0.04812494033300203,0.07582368257406918,0.12966866049564213,0.1492024234516231,0.31331566899461627,0.6078373614669945,0.9742264896902576,0.08385319852108768,0.0026845284625861285,0.39153346241409664,0.34284447526205303
0.006209869338411393,0.010598321455210705,0.01815274642647594,0.017476251198152805,0.02691768264013397,0.05293722735093807,0.1626257304030728,0.49299672998899113,0.9586510223889053,0.17432821361066395,0.19880527404646667,0.6721022539188899,0.42505028633884817
0.08142896473274241,0.11091919278600076,0.11103963450341653,0.1052510125628561,0.11595080739620486,0.07652634081116688,0.08184615990348089,0.20180545902055697,0.8127533128543974,0.20757005311238422,0.006740717372150768,0.41296846610295,0.22905800853278077
0.08897171870357173,0.18516889877923043,0.2807165509623805,0.34668555070623797,0.49491582172391374,0.4248757220663773,0.3219303415379334,0.4850151373646785,0.8746190351820888,0.44750545081163334,0.015687146709452426,0.6308576703778801,0.6176404831826996
0.014088935877927334,0.020377118963908716,0.0368143185351146,0.062130801207973284,0.06986601187390844,0.05629996254792277,0.16262117328929468,0.4897448236105842,0.9596448441091477,0.23307857777333255,0.22953942133660404,0.7009502017344326,0.4454465391819437
0.1891393699398403,0.23196101647440512,0.43939627343610876,0.6147692394122156,0.7090351733651183,0.6225632771582729,0.6152095873571419,0.7647130033064792,0.9532544266107857,0.5296604352045062,0.06711922395738344,0.6475827813056004,0.6152623713734939
0.0035919064228059354,0.006289365589128434,0.01394240590771658,0.028902765879921383,0.04031746923336748,0.056269186912572454,0.29164864413526204,0.5588054272423136,0.8987871850845418,0.23919235317234241,0.01021863873078773,0.5102062109004492,0.4506790686567452
0.17829620986054973,0.3141173963040858,0.3723649919233124,0.32895647397699757,0.3503092209486003,0.3120315143029436,0.21117295806331626,0.32960488749024264,0.8356510605089478,0.13525244189378494,0.020162459011905203,0.4894789404535199,0.43327443284067774
0.056344894134041,0.05037934947305018,0.09492329772668091,0.12107422775211314,0.13073560962457603,0.2363600048031783,0.5624546445518158,0.8693470975416053,0.8943008599694747,0.08519337578075722,0.018712761163381296,0.433815181012536,0.3402329748393068
0.013669393975354993,0.02653814863938701,0.06007518013691258,0.13085999686597927,0.2347578083667973,0.2589756993253314,0.5389993058083467,0.8441688318699792,0.9524406536302545,0.3028822661991884,0.0,0.5605109867134788,0.49235947249510664
0.03353232240191849,0.05258053990621142,0.12233558633638121,0.19405672451582714,0.10436591938526284,0.11285332474560497,0.4095901304316251,0.8184627604083129,0.9506902249375798,0.15466805988082388,0.03213688934095702,0.49705914674446744,0.32505526468850543
0.0007960346527204451,0.0016950146008384167,0.005185948993205195,0.017447139037801103,0.04051867281903303,0.10318021111130656,0.3168740603868146,0.5685859552536363,0.9699396528932892,0.5137961734998298,0.008115155012308214,0.5851527343917579,0.417821930216295
0.08678330885552815,0.32640646385999134,0.4927140641787116,0.46035533256465766,0.5755491924618642,0.47628746562070473,0.4518143253323399,0.8234454126232633,0.9076817049150948,0.2721488176936702,0.018378337024915658,0.5569962137658165,0.4604941288747672
0.017154525140419073,0.027637006575145517,0.06529912065980926,0.09959741315949033,0.0764520234471392,0.09776173056033004,0.31533831959366726,0.8034099685395085,0.9306441833689315,0.09435578843560392,0.026934862796781877,0.46872831630139344,0.40036355185703704
0.3034269828343253,0.35743603428256615,0.32000546618594805,0.2781532371152244,0.26543237049570045,0.2622312224589433,0.303525118485305,0.29096347395012734,0.7199916983194024,0.20910894778410158,0.13688089541361081,0.624499390508069,0.369086959752718
0.011866822405452799,0.026476347065745955,0.05523954930892711,0.09727903692091654,0.13484830905843234,0.21749910424987842,0.288629839356759,0.07702680750740595,0.6704140819644343,0.3575567068220755,0.0053362502814051594,0.4639545425405954,0.08159210890402718
0.03674303031984575,0.0387816059586908,0.06122479462016011,0.06920597641470684,0.0831560970076971,0.06997959298526467,0.17744987669147214,0.6524869752273548,0.9662357831318928,0.39318931828273546,0.22083175690407708,0.6999058532247909,0.5503485925609666
0.02626370846882579,0.036900125683495044,0.042173424913986984,0.04418644002953407,0.03191200762335016,0.047906082143092006,0.08880771948692542,0.2681079276527391,0.8724131284902941,0.2113975713643706,0.0962940740685647,0.609286798652695,0.6059113249884975
0.009122381784280171,0.016808625426370283,0.02866876785597059,0.042834732433785105,0.06766011648556326,0.09290720240367278,0.17829884516570826,0.1599560058696237,0.7813976471209874,0.19404234514452973,0.1386945278018506,0.6228665405965798,0.3557856432722461
0.09177698727004462,0.12441837245321673,0.16038939206402994,0.15907092504116271,0.12632934382720185,0.1019715233635961,0.09559534033720622,0.2825469314525113,0.8470555702784612,0.300349448505957,0.23835549127258607,0.6899346558622785,0.3402329748393068
0.1385210735260328,0.1777140356555005,0.1975501088386307,0.12154301172100475,0.09464821184948517,0.1316599832675197,0.32238946312576977,0.5846738555539794,0.8139695376478814,0.33387139743865596,0.034426226236197004,0.5729934335323607,0.4413810622242807
0.5377181337435205,0.764556403148166,0.7652251669109913,0.6693547002987305,0.537014895815851,0.4070780146774603,0.3644308223155461,0.4852180204733639,0.8582058344804313,0.1139850386486057,0.03965841123668489,0.5036670522277318,0.48224233378854964
0.001287196055505699,0.0026663514088082533,0.006892955312979357,0.01959213261320486,0.05505901147706826,0.10825673552704713,0.21682378610827302,0.37340759703231263,0.8804033929596716,0.45755032608001234,0.0,0.6467382883987534,0.5081381405788336
0.004478296475648563,0.009183579879748157,0.01865488320487412,0.02748558234933727,0.03465647002487565,0.08828770673628644,0.06477210328134429,0.20141723076001616,0.8537930648168909,0.26747558211363964,0.057775902645620054,0.5641046106236142,0.40727804419196756
0.002914738726933357,0.004804253091608474,0.01325336194853134,0.05483231157233585,0.12173033971171762,0.12532164885990596,0.39815745726474105,0.553521396319444,0.9324741291675496,0.429688716996101,0.05851499265787953,0.6258915734891674,0.3899125794657033
0.10401028625155519,0.10018376572161064,0.11456158233083033,0.10480435985469752,0.07965258836618302,0.09426684649201104,0.21358407538817492,0.407958066623152,0.8703832750904539,0.16046419986253385,0.02193426963976021,0.5064158716707341,0.17668984114315284
0.0002525396138236148,0.00018427297138742506,0.0002412968087008689,0.0004427666152558353,0.0015148622525590289,0.006853811937362441,0.01611296725729256,0.11395175218469616,0.7626381141380144,0.04263184447535106,0.188789270526818,0.6402371518763319,0.3925780683115623
0.001047898579934812,0.0015540470356437514,0.0025911037037817945,0.0064495607377706475,0.01036325646314536,0.01600891572107302,0.02458087067563528,0.21336746505243293,0.8432836038880701,0.23100285263777423,0.07891386614301771,0.5883976754274802,0.3526352277934244
0.07071130626589181,0.08266140354416136,0.06670105095409569,0.06808333547963816,0.07816362374137194,0.12032679038528758,0.15989205567073475,0.17676766599125207,0.7812964964491709,0.2608857682476762,0.33918405520328737,0.7380498996484289,0.5133211576400364
0.02603967127760874,0.04379351628434985,0.04923063010746543,0.05967705188074884,0.07943261415786294,0.11199435772922199,0.23497265696239686,0.6123769500538705,0.9797648465661635,0.16611358624278572,0.017372443222020317,0.44347313306633185,0.3740967596797214
0.009682931698365297,0.013407784759570739,0.015924381253537307,0.0330511615645757,0.11030877305862383,0.16531049365330955,0.1570179735958705,0.11630303220142853,0.6864905175025651,0.49650570341383365,0.0,0.6963038828788609,0.6998302908098176
0.041678711695887764,0.0393860367368452,0.08363053661755661,0.1173567503207473,0.147164083728391,0.25209470827087677,0.5540021651943144,0.868545479905155,0.901257018948544,0.08784982195173516,0.007440080558641806,0.3888135213107336,0.2925046507756942
0.0036600988473607537,0.007076824310921562,0.01779327001931588,0.03825069748334064,0.06784759250843841,0.17215749155402724,0.5506525387712744,0.8488082886588777,0.9529184074192932,0.13631754579184527,0.0,0.36537676421186027,0.2822623213738894
0.009964357430536086,0.018675877281858662,0.03837337870870289,0.10487805369175958,0.2414732265182615,0.4158097550399886,0.9001797161627346,0.9905145295696045,0.8863992456784366,0.2378481392098013,0.0050292553032244775,0.4827332493897507,0.29209980904295924
0.20438516089863742,0.18788515527551528,0.2239041164275417,0.3104069231098178,0.37250794330957754,0.3602793383739671,0.3465189067525093,0.6108820104927108,0.9144335775066852,0.32583753135907767,0.03860014438967436,0.5744879522145805,0.45145062236499856
0.0644083264552119,0.08152993336836027,0.09151668654760366,0.060774799938511426,0.1006632709263133,0.1590108074991295,0.13901053591887358,0.38249700595539915,0.9230796214796735,0.6110821744044502,0.002735342533408052,0.6018745427129811,0.49149082120551385
0.024196878999361467,0.040466390198937226,0.06523973417958784,0.08454300383876114,0.05865893437928937,0.09552954145266038,0.3369147108826268,0.7267201962693106,0.967384401622292,0.14156811375855827,0.0186339718420598,0.5056387970927513,0.2978267100767533
0.0032255392800621774,0.00602176595901226,0.019690451756841264,0.05388292214089049,0.06664605364689788,0.12060647557063547,0.28950654568550976,0.7388554981923899,0.9685879063334736,0.24448966647136713,0.0,0.535969172491348,0.5195245244044883
0.40963673104726844,0.43509778049582604,0.42394462670049804,0.289755670381677,0.20183565046134125,0.28683892414077594,0.3367287961377697,0.4572164627724258,0.7714501811520242,0.07141499692755467,0.0,0.3786094896343731,0.12932043296763984
0.003043431121522724,0.006032122839276704,0.01831143624820438,0.05871139406554083,0.13277900043603874,0.32222106805573625,0.823340706373684,0.981030684268015,0.8447195184060273,0.2590542489940887,0.0006590422151333629,0.5004221111920093,0.47788645442557415
0.05036023270416785,0.06974853597062972,0.11373639367270662,0.1780638941929388,0.18209795033023202,0.13872531824223353,0.42519535595883673,0.8609246505472211,0.9082937113285352,0.39519657778205525,0.0016202064709390186,0.6417716064317542,0.6437566556879878
0.05600616118498546,0.05213420280828496,0.05183936588358704,0.05644578556869178,0.041099947579987715,0.05242906348262055,0.15150991466347632,0.4102715225211839,0.9292127982366537,0.5128153418415728,0.014347896997114029,0.6611623235703006,0.7094375314966975
0.008522898325827968,0.021586636081538633,0.048064201893652285,0.05276198175691353,0.09879386109717975,0.12021327880812427,0.22240270390885916,0.627102903297475,0.9786001366602235,0.1964899621131049,0.24755632317528806,0.7037398953645234,0.7531460831528596
0.002187565879757407,0.0041118194525589504,0.00991275502054097,0.02802916982540805,0.06548747355836382,0.12091988498807181,0.3746926946213903,0.407560094389405,0.8409919169740696,0.32674460107552994,0.2187831939701266,0.687619386612644,0.5649410552027687
0.10246341517990837,0.16994132643906648,0.21717770600099331,0.2458272256057594,0.1937947729133247,0.1313597187044847,0.13811946466851233,0.3185094318717651,0.7851438160398563,0.1787645196327823,0.008478113922137017,0.4258462147724346,0.323543550727236
0.006061339209018209,0.008093211620181723,0.013628419020005559,0.02107567236174551,0.04352375418330042,0.1580270386156747,0.3349228148273048,0.496397123318558,0.9465221359075588,0.2946739349852298,0.012625454238863543,0.5008340108958086,0.3638544302779166
0.00919054395110399,0.014539099408075639,0.024318024538769672,0.04031728053196577,0.0414466796283922,0.030773634161498874,0.13683082693701507,0.5423204146906245,0.9727384699250796,0.10923722457758214,0.026934862796781877,0.4620988682832366,0.12932043296763984
0.00876110430021591,0.008325278732467523,0.007826353851058624,0.00921426168509918,0.01136635413675385,0.03425997622201035,0.04378114764915606,0.14271463137433604,0.7978936330145996,0.1566168831239568,0.0009968822132777266,0.4663722313809487,0.2992830929483253
0.12929253077913222,0.12842238980634832,0.12229417169424892,0.1049290842277407,0.12038929149394656,0.12638348623971346,0.21887825565145988,0.6509253720505045,0.8970556336302123,0.23445174421741674,0.2806400919806479,0.7184838366561742,0.40707437322651896
0.00674096201424085,0.017330039364481787,0.038772936036724534,0.0643687020367305,0.0775941762420206,0.0670417354093567,0.0989732414185778,0.37782941868297226,0.9130737254900854,0.3753566837196656,0.30896261307532147,0.7392430946629729,0.573715630515012
0.0020953890332025423,0.004595596475703276,0.013813964466188471,0.02752607816406781,0.038428254525076096,0.08468604565531851,0.15701734535942294,0.3617477287024467,0.9073050947895124,0.494166923286828,0.05796241129741599,0.6115484384923824,0.26821974113568353
0.30632780905340157,0.6124549441012251,0.8850827297629384,1.0,0.4789339125570187,0.6686501637741592,0.9424849817281454,0.9593941152606819,0.9120900693814927,0.47660887143185227,0.0,0.6560900437138109,0.6391065582719874
0.02121849294027441,0.04154293391153299,0.08637753297534265,0.17663344732026928,0.27814214254834924,0.4217743319173988,0.8139293753213019,0.7537535598268841,0.9687377994693673,0.2784187762326562,0.16912398492385683,0.6678802901612,0.4921021953202749
0.09883048115843811,0.15950140972755267,0.21810747679954873,0.39350187255241836,0.6137794679942131,0.5600477001740989,0.6610412957319761,0.7171022150401755,0.9740560243320714,0.4516812703227492,0.0,0.6214276997208869,0.635977408814661
0.0034468321395882072,0.007940153715041835,0.019003913814207424,0.06089317707235809,0.18581431295059664,0.3359720154929218,0.8060785395027096,0.9621752234583661,1.0,0.2692395347223586,0.04444944127612386,0.5755932003993951,0.5397081259695887
0.04285933417885613,0.07559253392330777,0.14902646739377828,0.3116454606205131,0.3888387735350217,0.3623537339520524,0.2849201437733999,0.15254324266481362,0.7644720736349845,0.357950597203216,0.06767416767755127,0.6198527241439455,0.48674020182330036
0.0046578361150718586,0.008990316628919184,0.014295248653234676,0.025477033443742202,0.04372772474220625,0.07767937579981408,0.0760653949506826,0.24123908707403113,0.8764976017571507,0.32809832924965365,0.017072307548186734,0.5200603821571728,0.26191441618086314
0.002303588502652969,0.0057837289138807525,0.016378379051183875,0.040223078610824345,0.0946838646733713,0.1937556422837405,0.5582221506927784,0.8823664066880854,0.9213459158120293,0.25966642727373884,0.01021863873078773,0.5379160092536963,0.2925046507756942
0.00924491544003923,0.019361018944684165,0.04774633886406602,0.1115544110720244,0.1793437920257653,0.17740248016603308,0.1740010133150508,0.3006578157834364,0.8730069470357565,0.3018725864539468,0.1099918998737933,0.6133917818688773,0.571101071836544
0.00614014405087953,0.012913286510422405,0.0237247516118073,0.03767073272950219,0.09509829057407246,0.15757313306456644,0.12593848135617022,0.3022361899612236,0.9058797008742162,0.3028822661991884,0.04001459411524005,0.5605109867134788,0.17011258397538842
0.004078039291121189,0.005682224164647434,0.01240656404118585,0.04178939722471174,0.09466067685810871,0.07721824658690747,0.1626425302067343,0.6441800083177137,0.978079106925301,0.15466805988082388,0.022033262413717954,0.48019962978929454,0.3402329748393068
0.0017463343127676033,0.003438715141821468,0.004823611533088127,0.00692938325051411,0.01320933708646422,0.02387631964885166,0.06456092545862045,0.3333079081124234,0.9040291020372504,0.0969059743983887,0.00010011923351240895,0.2297826243413902,0.4916875001988394
0.06313957329855316,0.059259988351229496,0.05249753010192931,0.048649845992746084,0.04493090302192307,0.030690669666529925,0.08879778809953211,0.1740224937906187,0.7556335443477762,0.16236326530794165,0.00021815842956624285,0.5083304603662839,0.5205441158552977
0.002180111749326716,0.004517596758487572,0.010283249806074967,0.03370476855806453,0.10665306794792678,0.15660429129668565,0.18149644793780523,0.5488817010574809,0.9724490576861131,0.48699980419193206,0.08676485337469163,0.7017491966012859,0.6745234260677868
0.13492697839449522,0.16134409810744774,0.15530348175970551,0.15605789078209942,0.11727026065004201,0.0461201674211786,0.08954582007581166,0.34760659917999986,0.8024872585032092,0.22820483675387226,0.01021863873078773,0.49312360256901805,0.3106501174368079
0.0036600988473607537,0.007076824310921562,0.01779327001931588,0.03825069748334064,0.06784759250843841,0.17215749155402724,0.5506525387712744,0.8488082886588777,0.9529184074192932,0.12984930035328213,0.0,0.3722296270055406,0.12932043296763984
0.001832349711098745,0.005807498087203371,0.012492725954396558,0.012446760899114397,0.027997588912828806,0.0638480676334939,0.09021325738530143,0.4376955487020542,0.956065256492781,0.11632159238542762,0.012625454238863543,0.4807119376404334,0.2822623213738894
,,,,,,,,,0.26688448549520544,0.004900812466616899,0.5843233895446722,0.4031912975278316
0.13611854555930883,0.24718562529370455,0.35955868239660643,0.38009459923712563,0.39619816333777186,0.2845609677976393,0.2564810191209301,0.45155065144557344,0.8815171082157266,0.5898527382369749,0.0,0.6771222832192441,0.8836845762543767
0.1520714432913844,0.18127438085437522,0.18289518422567633,0.24298658991303493,0.3156069751952494,0.18778074812826256,0.17177343955316582,0.508905561501255,0.9239361800651488,0.06855420334536402,0.007030684697974852,0.4312344182397064,0.34894720931066286
